name,mpg,cylinders,displacement,horsepower,weight,acceleration,model_year,origin, creator, price
chevrolet chevelle malibu 1970,18.0,8,307.0,130.0,3504,12.0,1970,usa,chevrolet, 23000
buick skylark 320 1970,15.0,8,350.0,165.0,3693,11.5,1970,usa,buick,13000
plymouth satellite 1970,18.0,8,318.0,150.0,3436,11.0,1970,usa,plymouth,16000
amc rebel sst 1970,16.0,8,304.0,150.0,3433,12.0,1970,usa,amc,22400
ford torino 1970,17.0,8,302.0,140.0,3449,10.5,1970,usa,ford,45000
ford galaxie 500 1970,15.0,8,429.0,198.0,4341,10.0,1970,usa,ford,13000
chevrolet impala 1970,14.0,8,454.0,220.0,4354,9.0,1970,usa,chevrolet,20000
plymouth fury iii 1970,14.0,8,440.0,215.0,4312,8.5,1970,usa,plymouth,20000
pontiac catalina 1970,14.0,8,455.0,225.0,4425,10.0,1970,usa,pontiac,9500
amc ambassador dpl 1970,15.0,8,390.0,190.0,3850,8.5,1970,usa,amc, 10000
dodge challenger se 1970,15.0,8,383.0,170.0,3563,10.0,1970,usa,dodge,52000
plymouth cuda 340 1970,14.0,8,340.0,160.0,3609,8.0,1970,usa,plymouth,40000
chevrolet monte carlo 1970,15.0,8,400.0,150.0,3761,9.5,1970,usa,chevrolet,30000
buick estate wagon 1970,14.0,8,455.0,225.0,3086,10.0,1970,usa,buick,13000
toyota corona mark ii 1970,24.0,4,113.0,95.0,2372,15.0,1970,japan,toyota,14000
plymouth duster 1970,22.0,6,198.0,95.0,2833,15.5,1970,usa,plymouth,10250
amc hornet 1970,18.0,6,199.0,97.0,2774,15.5,1970,usa,amc,11000
ford maverick 1970,21.0,6,200.0,85.0,2587,16.0,1970,usa,ford,9000
datsun pl510 1970,27.0,4,97.0,88.0,2130,14.5,1970,japan,datsun,21000
peugeot 504 1970,25.0,4,110.0,87.0,2672,17.5,1970,europe,peugeot,10000
audi 100 ls 1970,24.0,4,107.0,90.0,2430,14.5,1970,europe,audi,15000
saab 99e 1970,25.0,4,104.0,95.0,2375,17.5,1970,europe,saab,8000
bmw 2002 1970,26.0,4,121.0,113.0,2234,12.5,1970,europe,bmw,24000
amc gremlin 1970,21.0,6,199.0,90.0,2648,15.0,1970,usa,amc,15300
ford f250 1970,10.0,8,360.0,215.0,4615,14.0,1970,usa,ford,17500
chevrolet c20 1970,10.0,8,307.0,200.0,4376,15.0,1970,usa,chevrolet,17000
dodge d200 1970,11.0,8,318.0,210.0,4382,13.5,1970,usa,dodge,16000
chevrolet vega 2300 1971,28.0,4,140.0,90.0,2264,15.5,1971,usa,chevrolet,6470
toyota corona 1971,25.0,4,113.0,95.0,2228,14.0,1971,japan,toyota,10000
ford pinto 1971,25.0,4,98.0,,2046,19.0,1971,usa,ford,6200
plymouth satellite custom 1971,16.0,6,225.0,105.0,3439,15.5,1971,usa,plymouth,5850
amc matador 1971,18.0,6,232.0,100.0,3288,15.5,1971,usa,amc,12500
pontiac catalina brougham 1971,14.0,8,400.0,175.0,4464,11.5,1971,usa,pontiac,12900
dodge monaco 1971,12.0,8,383.0,180.0,4955,11.5,1971,usa,dodge,25000
ford country squire 1971,13.0,8,400.0,170.0,4746,12.0,1971,usa,ford,24000
pontiac safari 1971,13.0,8,400.0,175.0,5140,12.0,1971,usa,pontiac,29000
amc hornet sportabout 1971,18.0,6,258.0,110.0,2962,13.5,1971,usa,amc,13500
pontiac firebird 1971,19.0,6,250.0,100.0,3282,15.0,1971,usa,pontiac,29000
ford mustang 1971,18.0,6,250.0,88.0,3139,14.5,1971,usa,ford,15000
opel 1900 1971,28.0,4,116.0,90.0,2123,14.0,1971,europe,opel,5000
peugeot 304 1971,30.0,4,79.0,70.0,2074,19.5,1971,europe,peugeot,4800
fiat 124b 1971,30.0,4,88.0,76.0,2065,14.5,1971,europe,fiat,6800
toyota corolla 1200 1971,31.0,4,71.0,65.0,1773,19.0,1971,japan,toyota,8200
plymouth cricket 1971,26.0,4,91.0,70.0,1955,20.5,1971,usa,plymouth,6000
toyota corona hardtop 1972,24.0,4,113.0,95.0,2278,15.5,1972,japan,toyota,7000
dodge colt hardtop 1972,25.0,4,97.5,80.0,2126,17.0,1972,usa,dodge,10700
volkswagen type 3 1972,23.0,4,97.0,54.0,2254,23.5,1972,europe,volkswagen,14300
ford pinto runabout 1972,21.0,4,122.0,86.0,2226,16.5,1972,usa,ford,9100
amc ambassador sst 1972,17.0,8,304.0,150.0,3672,11.5,1972,usa,amc,9300
mercury marquis 1972,11.0,8,429.0,208.0,4633,11.0,1972,usa,mercury,8000
buick lesabre custom 1972,13.0,8,350.0,155.0,4502,13.5,1972,usa,buick,15300
oldsmobile delta 88 royale 1972,12.0,8,350.0,160.0,4456,13.5,1972,usa,oldsmobile,9600
chrysler newport royal 1972,13.0,8,400.0,190.0,4422,12.5,1972,usa,chrysler,9800
mazda rx2 coupe 1972,19.0,3,70.0,97.0,2330,13.5,1972,japan,mazda,29200
chevrolet chevelle concours 1972,13.0,8,307.0,130.0,4098,14.0,1972,usa,chevrolet,14300
volvo 145e 1972,18.0,4,121.0,112.0,2933,14.5,1972,europe,volvo,5700
volkswagen 411 1972,22.0,4,121.0,76.0,2511,18.0,1972,europe,volkswagen,8000
peugeot 504 1972,21.0,4,120.0,87.0,2979,19.5,1972,europe,peugeot,18000
renault 12 1972,26.0,4,96.0,69.0,2189,18.0,1972,europe,renault,5000
datsun 510 1972,28.0,4,97.0,92.0,2288,17.0,1972,japan,datsun,20000
buick century 350 1973,13.0,8,350.0,175.0,4100,13.0,1973,usa,buick,18000
dodge coronet custom 1973,15.0,8,318.0,150.0,3777,12.5,1973,usa,dodge,6000
mercury marquis brougham 1973,12.0,8,429.0,198.0,4952,11.5,1973,usa,mercury,7000
chevrolet caprice classic 1973,13.0,8,400.0,150.0,4464,12.0,1973,usa,chevrolet,18000
ford ltd 1973,13.0,8,351.0,158.0,4363,13.0,1973,usa,ford,6300
chrysler new yorker brougham 1973,13.0,8,440.0,215.0,4735,11.0,1973,usa,chrysler,9000
buick electra 225 custom 1973,12.0,8,455.0,225.0,4951,11.0,1973,usa,buick,15000
plymouth valiant 1973,18.0,6,225.0,105.0,3121,16.5,1973,usa,plymouth,20000
chevrolet nova custom 1973,16.0,6,250.0,100.0,3278,18.0,1973,usa,chevrolet,18600
volkswagen super beetle 1973,26.0,4,97.0,46.0,1950,21.0,1973,europe,volkswagen,15000
ford country 1973,12.0,8,400.0,167.0,4906,12.5,1973,usa,ford,9500
plymouth custom suburb 1973,13.0,8,360.0,170.0,4654,13.0,1973,usa,plymouth,15250
oldsmobile vista cruiser 1973,12.0,8,350.0,180.0,4499,12.5,1973,usa,oldsmobile,22000
amc gremlin 1973,18.0,6,232.0,100.0,2789,15.0,1973,usa,amc,11900
chevrolet vega 1973,21.0,4,140.0,72.0,2401,19.5,1973,usa,chevrolet,5400
datsun 610 1973,22.0,4,108.0,94.0,2379,16.5,1973,japan,datsun,9000
mazda rx3 1973,18.0,3,70.0,90.0,2124,13.5,1973,japan,mazda,11000
ford pinto 1973,19.0,4,122.0,85.0,2310,18.5,1973,usa,ford,9400
mercury capri v6 1973,21.0,6,155.0,107.0,2472,14.0,1973,usa,mercury,12900
fiat 124 sport coupe 1973,26.0,4,98.0,90.0,2265,15.5,1973,europe,fiat,10000
chevrolet monte carlo s 1973,15.0,8,350.0,145.0,4082,13.0,1973,usa,chevrolet,15000
pontiac grand prix 1973,16.0,8,400.0,230.0,4278,9.5,1973,usa,pontiac,16300
fiat 128 1973,29.0,4,68.0,49.0,1867,19.5,1973,europe,fiat,12000
opel manta 1973,24.0,4,116.0,75.0,2158,15.5,1973,europe,opel,6000
audi 100ls 1973,20.0,4,114.0,91.0,2582,14.0,1973,europe,audi,13900
volvo 144ea 1973,19.0,4,121.0,112.0,2868,15.5,1973,europe,volvo,8000
dodge dart custom 1973,15.0,8,318.0,150.0,3399,11.0,1973,usa,dodge,8500
saab 99le 1973,24.0,4,121.0,110.0,2660,14.0,1973,europe,saab,6600
oldsmobile omega 1973,11.0,8,350.0,180.0,3664,11.0,1973,usa,oldsmobile,8500
plymouth duster 1974,20.0,6,198.0,95.0,3102,16.5,1974,usa,plymouth,13600
ford maverick 1974,21.0,6,200.0,,2875,17.0,1974,usa,ford,9100
amc hornet 1974,19.0,6,232.0,100.0,2901,16.0,1974,usa,amc,10100
chevrolet nova 1974,15.0,6,250.0,100.0,3336,17.0,1974,usa,chevrolet,9000
datsun b210 1974,31.0,4,79.0,67.0,1950,19.0,1974,japan,datsun,10000
ford pinto 1974,26.0,4,122.0,80.0,2451,16.5,1974,usa,ford,11000
toyota corolla 1200 1974,32.0,4,71.0,65.0,1836,21.0,1974,japan,toyota,10000
chevrolet vega 1974,25.0,4,140.0,75.0,2542,17.0,1974,usa,chevrolet,8600
chevrolet chevelle malibu classic 1974,16.0,6,250.0,100.0,3781,17.0,1974,usa,chevrolet,9350
amc matador 1974,16.0,6,258.0,110.0,3632,18.0,1974,usa,amc,8500
plymouth satellite sebring 1974,18.0,6,225.0,105.0,3613,16.5,1974,usa,plymouth,9900
ford gran torino 1974,16.0,8,302.0,140.0,4141,14.0,1974,usa,ford,7500
buick century luxus 1974,13.0,8,350.0,150.0,4699,14.5,1974,usa,buick,7000
dodge coronet custom 1974,14.0,8,318.0,150.0,4457,13.5,1974,usa,dodge,11000
audi fox 1974,29.0,4,98.0,83.0,2219,16.5,1974,europe,audi,6000
volkswagen dasher 1974,26.0,4,79.0,67.0,1963,15.5,1974,europe,volkswagen,20000
opel manta 1974,26.0,4,97.0,78.0,2300,14.5,1974,europe,opel,5700
toyota corona 1974,31.0,4,76.0,52.0,1649,16.5,1974,japan,toyota,15300
datsun 710 1974,32.0,4,83.0,61.0,2003,19.0,1974,japan,datsun,12200
dodge colt 1974,28.0,4,90.0,75.0,2125,14.5,1974,usa,dodge,5000
fiat 128 1974,24.0,4,90.0,75.0,2108,15.5,1974,europe,fiat,9000
fiat 124 tc 1974,26.0,4,116.0,75.0,2246,14.0,1974,europe,fiat,12000
honda civic 1974,24.0,4,120.0,97.0,2489,15.0,1974,japan,honda,10000
fiat x1.9 1974,31.0,4,79.0,67.0,2000,16.0,1974,europe,fiat,11900
plymouth valiant custom 1975,19.0,6,225.0,95.0,3264,16.0,1975,usa,plymouth,4000
chevrolet nova 1975,18.0,6,250.0,105.0,3459,16.0,1975,usa,chevrolet,11000
mercury monarch 1975,15.0,6,250.0,72.0,3432,21.0,1975,usa,mercury,4000
ford maverick 1975,15.0,6,250.0,72.0,3158,19.5,1975,usa,ford,8000
pontiac catalina 1975,16.0,8,400.0,170.0,4668,11.5,1975,usa,pontiac,11500
plymouth grand fury 1975,16.0,8,318.0,150.0,4498,14.5,1975,usa,plymouth,6000
ford ltd 1975,14.0,8,351.0,148.0,4657,13.5,1975,usa,ford,11500
buick century 1975,17.0,6,231.0,110.0,3907,21.0,1975,usa,buick,5000
plymouth fury 1975,18.0,6,225.0,95.0,3785,19.0,1975,usa,plymouth,7500
buick skyhawk 1975,21.0,6,231.0,110.0,3039,15.0,1975,usa,buick,7500
chevrolet monza 2+2 1975,20.0,8,262.0,110.0,3221,13.5,1975,usa,chevrolet,11500
toyota corolla 1975,29.0,4,97.0,75.0,2171,16.0,1975,japan,toyota,9500
ford pinto 1975,23.0,4,140.0,83.0,2639,17.0,1975,usa,ford,5500
amc gremlin 1975,20.0,6,232.0,100.0,2914,16.0,1975,usa,amc,7500
volkswagen dasher 1975,25.0,4,90.0,71.0,2223,16.5,1975,europe,volkswagen,3000
datsun 710 1975,24.0,4,119.0,97.0,2545,17.0,1975,japan,datsun,4000
volkswagen rabbit 1975,29.0,4,90.0,70.0,1937,14.0,1975,europe,volkswagen,6000
amc pacer 1975,19.0,6,232.0,90.0,3211,17.0,1975,usa,amc,8000
audi 100ls 1975,23.0,4,115.0,95.0,2694,15.0,1975,europe,audi,11500
peugeot 504 1975,23.0,4,120.0,88.0,2957,17.0,1975,europe,peugeot,8000
volvo 244dl 1975,22.0,4,121.0,98.0,2945,14.5,1975,europe,volvo,7500
saab 99le 1975,25.0,4,121.0,115.0,2671,13.5,1975,europe,saab,5000
honda civic cvcc 1975,33.0,4,91.0,53.0,1795,17.5,1975,japan,honda,5000
fiat 131 1976,28.0,4,107.0,86.0,2464,15.5,1976,europe,fiat,7000
opel 1900 1976,25.0,4,116.0,81.0,2220,16.9,1976,europe,opel,6000
ford capri ii 1976,25.0,4,140.0,92.0,2572,14.9,1976,usa,ford,10800
dodge colt 1976,26.0,4,98.0,79.0,2255,17.7,1976,usa,dodge,3000
renault 12tl 1976,27.0,4,101.0,83.0,2202,15.3,1976,europe,renault,5600
chevrolet chevelle malibu classic 1976,17.5,8,305.0,140.0,4215,13.0,1976,usa,chevrolet,14200
dodge coronet brougham 1976,16.0,8,318.0,150.0,4190,13.0,1976,usa,dodge,5500
amc matador 1976,15.5,8,304.0,120.0,3962,13.9,1976,usa,amc,8000
ford gran torino 1976,14.5,8,351.0,152.0,4215,12.8,1976,usa,ford,12500
plymouth valiant 1976,22.0,6,225.0,100.0,3233,15.4,1976,usa,plymouth,7500
chevrolet nova 1976,22.0,6,250.0,105.0,3353,14.5,1976,usa,chevrolet,8700
ford maverick 1976,24.0,6,200.0,81.0,3012,17.6,1976,usa,ford,8000
amc hornet 1976,22.5,6,232.0,90.0,3085,17.6,1976,usa,amc,9800
chevrolet chevette 1976,29.0,4,85.0,52.0,2035,22.2,1976,usa,chevrolet,6000
volkswagen rabbit 1976,29.0,4,90.0,70.0,1937,14.2,1976,europe,volkswagen,5600
honda civic 1976,33.0,4,91.0,53.0,1795,17.4,1976,japan,honda,10000
dodge aspen se 1976,20.0,6,225.0,100.0,3651,17.7,1976,usa,dodge,7000
ford granada ghia 1976,18.0,6,250.0,78.0,3574,21.0,1976,usa,ford,6500
pontiac ventura sj 1976,18.5,6,250.0,110.0,3645,16.2,1976,usa,pontiac,7400
amc pacer d/l 1976,17.5,6,258.0,95.0,3193,17.8,1976,usa,amc,7000
datsun b210 1976,32.0,4,85.0,70.0,1990,17.0,1976,japan,datsun,6000
toyota corolla 1976,28.0,4,97.0,75.0,2155,16.4,1976,japan,toyota,5900
ford pinto 1976,26.5,4,140.0,72.0,2565,13.6,1976,usa,ford,4500
volvo 245 1976,20.0,4,130.0,102.0,3150,15.7,1976,europe,volvo,7000
plymouth volare premier v8 1976,13.0,8,318.0,150.0,3940,13.2,1976,usa,plymouth,7000
peugeot 504 1976,19.0,4,120.0,88.0,3270,21.9,1976,europe,peugeot,9000
toyota mark ii 1976,19.0,6,156.0,108.0,2930,15.5,1976,japan,toyota,5000
mercedes-benz 280s 1976,16.5,6,168.0,120.0,3820,16.7,1976,europe,mercedes,10000
chevy c10 1976,13.0,8,350.0,145.0,4055,12.0,1976,usa,chevrolet,19600
dodge d100 1976,13.0,8,318.0,150.0,3755,14.0,1976,usa,dodge,12000
honda accord cvcc 1977,31.5,4,98.0,68.0,2045,18.5,1977,japan,honda,9000
datsun f10 hatchback 1977,33.5,4,85.0,70.0,1945,16.8,1977,japan,datsun,5000
chevrolet caprice classic 1977,17.5,8,305.0,145.0,3880,12.5,1977,usa,chevrolet,9100
oldsmobile cutlass supreme 1977,17.0,8,260.0,110.0,4060,19.0,1977,usa,oldsmobile,14000
dodge monaco brougham 1977,15.5,8,318.0,145.0,4140,13.7,1977,usa,dodge,11500
mercury cougar brougham 1977,15.0,8,302.0,130.0,4295,14.9,1977,usa,mercury,10000
chevrolet concours 1977,17.5,6,250.0,110.0,3520,16.4,1977,usa,chevrolet,12000
buick skylark 1977,20.5,6,231.0,105.0,3425,16.9,1977,usa,buick,7000
plymouth volare custom 1977,19.0,6,225.0,100.0,3630,17.7,1977,usa,plymouth,7500
ford granada 1977,18.5,6,250.0,98.0,3525,19.0,1977,usa,ford,5000
pontiac grand prix lj 1977,16.0,8,400.0,180.0,4220,11.1,1977,usa,pontiac,12000
chevrolet monte carlo landau 1977,15.5,8,350.0,170.0,4165,11.4,1977,usa,chevrolet,12000
chrysler cordoba 1977,15.5,8,400.0,190.0,4325,12.2,1977,usa,chrysler,7000
ford thunderbird 1977,16.0,8,351.0,149.0,4335,14.5,1977,usa,ford,12000
volkswagen rabbit custom 1977,29.0,4,97.0,78.0,1940,14.5,1977,europe,volkswagen,4000
pontiac sunbird coupe 1977,24.5,4,151.0,88.0,2740,16.0,1977,usa,pontiac,4500
toyota corolla liftback 1977,26.0,4,97.0,75.0,2265,18.2,1977,japan,toyota,8000
ford mustang ii 2+2 1977,25.5,4,140.0,89.0,2755,15.8,1977,usa,ford,10000
chevrolet chevette 1977,30.5,4,98.0,63.0,2051,17.0,1977,usa,chevrolet,7500
subaru dl 1977,30.0,4,97.0,67.0,1985,16.4,1977,japan,subaru,4000
volkswagen dasher 1977,30.5,4,97.0,78.0,2190,14.1,1977,europe,volkswagen,8000
datsun 810 1977,22.0,6,146.0,97.0,2815,14.5,1977,japan,datsun,4000
bmw 320i 1977,21.5,4,121.0,110.0,2600,12.8,1977,europe,bmw,14200
mazda rx-4 1977,21.5,3,80.0,110.0,2720,13.5,1977,japan,mazda,12000
volkswagen rabbit custom diesel 1978,43.1,4,90.0,48.0,1985,21.5,1978,europe,volkswagen,7500
ford fiesta 1978,36.1,4,98.0,66.0,1800,14.4,1978,usa,ford,2000
datsun b210 gx 1978,39.4,4,85.0,70.0,2070,18.6,1978,japan,datsun,5000
honda civic cvcc 1978,36.1,4,91.0,60.0,1800,16.4,1978,japan,honda,6000
oldsmobile cutlass salon brougham 1978,19.9,8,260.0,110.0,3365,15.5,1978,usa,oldsmobile,6300
dodge diplomat 1978,19.4,8,318.0,140.0,3735,13.2,1978,usa,dodge,8000
mercury monarch ghia 1978,20.2,8,302.0,139.0,3570,12.8,1978,usa,mercury,7500
pontiac phoenix lj 1978,19.2,6,231.0,105.0,3535,19.2,1978,usa,pontiac,5000
chevrolet malibu 1978,20.5,6,200.0,95.0,3155,18.2,1978,usa,chevrolet,7000
ford fairmont 1978,20.2,6,200.0,85.0,2965,15.8,1978,usa,ford,5500
plymouth volare 1978,20.5,6,225.0,100.0,3430,17.2,1978,usa,plymouth,5500
amc concord 1978,19.4,6,232.0,90.0,3210,17.2,1978,usa,amc,5500
mercury zephyr 1978,20.8,6,200.0,85.0,3070,16.7,1978,usa,mercury,4000
dodge aspen 1978,18.6,6,225.0,110.0,3620,18.7,1978,usa,dodge,6000
amc concord d/l 1978,18.1,6,258.0,120.0,3410,15.1,1978,usa,amc,3100
chevrolet monte carlo landau 1978,19.2,8,305.0,145.0,3425,13.2,1978,usa,chevrolet,11500
buick regal sport coupe turbo 1978,17.7,6,231.0,165.0,3445,13.4,1978,usa,buick,5700
ford futura 1978,18.1,8,302.0,139.0,3205,11.2,1978,usa,ford,5500
dodge magnum xe 1978,17.5,8,318.0,140.0,4080,13.7,1978,usa,dodge,12000
chevrolet chevette 1978,30.0,4,98.0,68.0,2155,16.5,1978,usa,chevrolet,7500
toyota corona 1978,27.5,4,134.0,95.0,2560,14.2,1978,japan,toyota,4000
datsun 510 1978,27.2,4,119.0,97.0,2300,14.7,1978,japan,datsun,5000
dodge omni 1978,30.9,4,105.0,75.0,2230,14.5,1978,usa,dodge,3000
toyota celica gt liftback 1978,21.1,4,134.0,95.0,2515,14.8,1978,japan,toyota,9000
plymouth sapporo 1978,23.2,4,156.0,105.0,2745,16.7,1978,usa,plymouth,6100
oldsmobile starfire sx 1978,23.8,4,151.0,85.0,2855,17.6,1978,usa,oldsmobile,3000
datsun 200-sx 1978,23.9,4,119.0,97.0,2405,14.9,1978,japan,datsun,5500
audi 5000 1978,20.3,5,131.0,103.0,2830,15.9,1978,europe,audi,4400
volvo 264 gl 1978,17.0,6,163.0,125.0,3140,13.6,1978,europe,volvo,6500
saab 99 gl 1978,21.6,4,121.0,115.0,2795,15.7,1978,europe,saab,4400
peugeot 604 sl 1978,16.2,6,163.0,133.0,3410,15.8,1978,europe,peugeot,6000
volkswagen scirocco 1978,31.5,4,89.0,71.0,1990,14.9,1978,europe,volkswagen,8900
honda accord lx 1978,29.5,4,98.0,68.0,2135,16.6,1978,japan,honda,7000
mercury zephyr 1979,19.8,6,200.0,85.0,2990,18.2,1979,usa,mercury,6000
ford fairmont 1979,22.3,4,140.0,88.0,2890,17.3,1979,usa,ford,3000
amc concord dl 1979,20.2,6,232.0,90.0,3265,18.2,1979,usa,amc,4500
dodge aspen 1979,20.6,6,225.0,110.0,3360,16.6,1979,usa,dodge,4000
chevrolet caprice classic 1979,17.0,8,305.0,130.0,3840,15.4,1979,usa,chevrolet,6500
ford ltd landau 1979,17.6,8,302.0,129.0,3725,13.4,1979,usa,ford,6500
mercury grand marquis 1979,16.5,8,351.0,138.0,3955,13.2,1979,usa,mercury,7700
dodge st.regis 1979,18.2,8,318.0,135.0,3830,15.2,1979,usa,dodge,3000
buick estate wagon 1979,16.9,8,350.0,155.0,4360,14.9,1979,usa,buick,11900
chevrolet malibu classic 1979,19.2,8,267.0,125.0,3605,15.0,1979,usa,chevrolet,10000
chrysler lebaron town & country 1979,18.5,8,360.0,150.0,3940,13.0,1979,usa,chrysler,9600
volkswagen rabbit custom 1979,31.9,4,89.0,71.0,1925,14.0,1979,europe,volkswagen,8000
amc spirit dl 1979,27.4,4,121.0,80.0,2670,15.0,1979,usa,amc,6500
mercedes benz 300d 1979,25.4,5,183.0,77.0,3530,20.1,1979,europe,mercedes,12000
peugeot 504 1979,27.2,4,141.0,71.0,3190,24.8,1979,europe,peugeot,8500
oldsmobile cutlass salon brougham 1979,23.9,8,260.0,90.0,3420,22.2,1979,usa,oldsmobile,11500
plymouth horizon 1979,34.2,4,105.0,70.0,2200,13.2,1979,usa,plymouth,3000
plymouth horizon tc3 1979,34.5,4,105.0,70.0,2150,14.9,1979,usa,plymouth,3000
datsun 210 1979,31.8,4,85.0,65.0,2020,19.2,1979,japan,datsun,3000
fiat strada custom 1979,37.3,4,91.0,69.0,2130,14.7,1979,europe,fiat,5000
buick skylark limited 1979,28.4,4,151.0,90.0,2670,16.0,1979,usa,buick,9350
chevrolet citation 1979,28.8,6,173.0,115.0,2595,11.3,1979,usa,chevrolet,6000
oldsmobile omega brougham 1979,26.8,6,173.0,115.0,2700,12.9,1979,usa,oldsmobile,2500
pontiac phoenix 1979,33.5,4,151.0,90.0,2556,13.2,1979,usa,pontiac,5000
volkswagen rabbit 1980,41.5,4,98.0,76.0,2144,14.7,1980,europe,volkswagen,5500
toyota corolla tercel 1980,38.1,4,89.0,60.0,1968,18.8,1980,japan,toyota,4500
chevrolet chevette 1980,32.1,4,98.0,70.0,2120,15.5,1980,usa,chevrolet,4500
datsun 310 1980,37.2,4,86.0,65.0,2019,16.4,1980,japan,datsun,3500
chevrolet citation 1980,28.0,4,151.0,90.0,2678,16.5,1980,usa,chevrolet,5900
ford fairmont 1980,26.4,4,140.0,88.0,2870,18.1,1980,usa,ford,5500
amc concord 1980,24.3,4,151.0,90.0,3003,20.1,1980,usa,amc,5500
dodge aspen 1980,19.1,6,225.0,90.0,3381,18.7,1980,usa,dodge,5500
audi 4000 1980,34.3,4,97.0,78.0,2188,15.8,1980,europe,audi,7000
toyota corona liftback 1980,29.8,4,134.0,90.0,2711,15.5,1980,japan,toyota,6500
mazda 626 1980,31.3,4,120.0,75.0,2542,17.5,1980,japan,mazda,7000
toyota corolla 1980,32.2,4,108.0,75.0,2265,15.2,1980,japan,toyota,6500
mazda glc 1980,46.6,4,86.0,65.0,2110,17.9,1980,japan,mazda,6000
dodge colt 1980,27.9,4,156.0,105.0,2800,14.4,1980,usa,dodge,5900
datsun 210 1980,40.8,4,85.0,65.0,2110,19.2,1980,japan,datsun,5500
volkswagen rabbit c 1980,44.3,4,90.0,48.0,2085,21.7,1980,europe,volkswagen,5500
volkswagen dasher 1980,43.4,4,90.0,48.0,2335,23.7,1980,europe,volkswagen,5500
audi 5000s 1980,36.4,5,121.0,67.0,2950,19.9,1980,europe,audi,11000
mercedes-benz 240d 1980,30.0,4,146.0,67.0,3250,21.8,1980,europe,mercedes,15000
honda civic 1500 gl 1980,44.6,4,91.0,67.0,1850,13.8,1980,japan,honda,7500
subaru dl 1980,33.8,4,97.0,67.0,2145,18.0,1980,japan,subaru,7500
volkswagen rabbit 1980,29.8,4,89.0,62.0,1845,15.3,1980,europe,volkswagen,6500
datsun 280-zx 1980,32.7,6,168.0,132.0,2910,11.4,1980,japan,datsun,10000
mazda rx-7 gs 1980,23.7,3,70.0,100.0,2420,12.5,1980,japan,mazda,11000
ford mustang cobra 1980,23.6,4,140.0,2905,14.3,1980,usa,ford,11500
honda accord 1980,32.4,4,107.0,72.0,2290,17.0,1980,japan,honda,5200
buick skylark 1981,26.6,4,151.0,84.0,2635,16.4,1981,usa,buick,5000
dodge aries wagon 1981,25.8,4,156.0,92.0,2620,14.4,1981,usa,dodge,5100
toyota starlet 1981,39.1,4,79.0,58.0,1755,16.9,1981,japan,toyota,4500
honda civic 1300 1981,35.1,4,81.0,60.0,1760,16.1,1981,japan,honda,5000
datsun 210 mpg 1981,37.0,4,85.0,65.0,1975,19.4,1981,japan,datsun,4000
toyota tercel 1981,37.7,4,89.0,62.0,2050,17.3,1981,japan,toyota,3000
ford escort 4w 1981,34.4,4,98.0,65.0,2045,16.2,1981,usa,ford,5500
ford escort 2h 1981,29.9,4,98.0,65.0,2380,20.7,1981,usa,ford,5800
volkswagen jetta 1981,33.0,4,105.0,74.0,2190,14.2,1981,europe,volkswagen,21900
renault 18i 1981,34.5,4,100.0,,2320,15.8,1981,europe,renault,5000
honda prelude 1981,33.7,4,107.0,75.0,2210,14.4,1981,japan,honda,7500
toyota corolla 1981,32.4,4,108.0,75.0,2350,16.8,1981,japan,toyota,7500
datsun 200sx 1981,32.9,4,119.0,100.0,2615,14.8,1981,japan,datsun,10500
mazda 626 1981,31.6,4,120.0,74.0,2635,18.3,1981,japan,mazda,7000
peugeot 505s turbo diesel 1981,28.1,4,141.0,80.0,3230,20.4,1981,europe,peugeot,6000
volvo 245 1981,30.7,6,145.0,76.0,3160,19.6,1981,europe,volvo,10400
toyota cressida 1981,25.4,6,168.0,116.0,2900,12.6,1981,japan,toyota,8000
datsun 810 maxima 1981,24.2,6,146.0,120.0,2930,13.8,1981,japan,datsun,3500
buick century 1981,22.4,6,231.0,110.0,3415,15.8,1981,usa,buick,7650
oldsmobile cutlass ls 1981,26.6,8,350.0,105.0,3725,19.0,1981,usa,oldsmobile,8000
ford granada gl 1981,20.2,6,200.0,88.0,3060,17.1,1981,usa,ford,10500
chrysler lebaron salon 1981,17.6,6,225.0,85.0,3465,16.6,1981,usa,chrysler,4000
chevrolet cavalier wagon 1982,27.0,4,112.0,88.0,2640,18.6,1982,usa,chevrolet,2600
chevrolet cavalier 2-door 1982,34.0,4,112.0,88.0,2395,18.0,1982,usa,chevrolet,1150
pontiac j2000 se hatchback 1982,31.0,4,112.0,85.0,2575,16.2,1982,usa,pontiac,5000
dodge aries se 1982,29.0,4,135.0,84.0,2525,16.0,1982,usa,dodge,5000
pontiac phoenix 1982,27.0,4,151.0,90.0,2735,18.0,1982,usa,pontiac,8000
ford fairmont futura 1982,24.0,4,140.0,92.0,2865,16.4,1982,usa,ford,5700
amc concord dl 1982,23.0,4,151.0,,3035,20.5,1982,usa,amc,5000
volkswagen rabbit l 1982,36.0,4,105.0,74.0,1980,15.3,1982,europe,volkswagen,5900
mazda glc custom 1982,31.0,4,91.0,68.0,1970,17.6,1982,japan,mazda,5000
mercury lynx l 1982,36.0,4,98.0,70.0,2125,17.3,1982,usa,mercury,4000
nissan stanza xe 1982,36.0,4,120.0,88.0,2160,14.5,1982,japan,nissan,3000
honda accord 1982,36.0,4,107.0,75.0,2205,14.5,1982,japan,honda,4500
toyota corolla 1982,34.0,4,108.0,70.0,2245,16.9,1982,japan,toyota,9000
honda civic 1982,38.0,4,91.0,67.0,1965,15.0,1982,japan,honda,5500
datsun 310 gx 1982,38.0,4,91.0,67.0,1995,16.2,1982,japan,datsun,3500
buick century limited 1982,25.0,6,181.0,110.0,2945,16.4,1982,usa,buick,3300
oldsmobile cutlass ciera 1982,38.0,6,262.0,85.0,3015,17.0,1982,usa,oldsmobile,1600
chrysler lebaron medallion 1982,26.0,4,156.0,92.0,2585,14.5,1982,usa,chrysler,10900
ford granada l 1982,22.0,6,232.0,112.0,2835,14.7,1982,usa,ford,8900
toyota celica gt-s 1982,32.0,4,144.0,96.0,2665,13.9,1982,japan,toyota,10900
chevrolet camaro 1982,27.0,4,151.0,90.0,2950,17.3,1982,usa,chevrolet,18000
ford mustang gl 1982,27.0,4,140.0,86.0,2790,15.6,1982,usa,ford,7000
volkswagen pickup 1982,44.0,4,97.0,52.0,2130,24.6,1982,europe,volkswagen,10000
dodge rampage 1982,32.0,4,135.0,84.0,2295,11.6,1982,usa,dodge,3000
chevy s10 1982,31.0,4,119.0,82.0,2720,19.4,1982,usa,chevrolet,18500
honda accord 1985,30.0,4,122.0,98.0,2410,13.0,1985,japan,honda,2800
ford mustang gt 1982,16.0,8,302.0,157.0,3122,8.5,1982,usa,ford,17500
bmw 325i 1987,21.0,6,152.0,168.0,2910,8.1,1987,europe,bmw,14470
chevrolet camaro iroc-z 1985,16.0,8,305.0,215.0,3400,7.0,1985,usa,chevrolet,30000
mercedes-benz 300e 1986,18.0,6,183.0,177.0,3360,8.0,1986,europe,mercedes,7200
porsche 944 1984,26.0,4,151.0,143.0,2866,8.3,1984,europe,porsche,12500
toyota celica gt 1983,32.0,4,116.0,96.0,2555,12.6,1983,japan,toyota,9000
audi 5000s 1985,23.0,5,151.0,102.0,2984,10.0,1985,europe,audi,4250
pontiac firebird trans am 1987,15.0,8,305.0,205.0,3333,7.8,1987,usa,pontiac,21500
volkswagen golf gti 1984,25.0,4,109.0,90.0,2400,10.0,1984,europe,volkswagen,16500
dodge daytona turbo z 1984,22.0,4,135.0,142.0,2615,7.8,1984,usa,dodge,8600
saab 900 turbo 1985,24.0,4,121.0,160.0,2825,8.5,1985,europe,saab,11900
ferrari mondial 1983,15.0,8,213.0,214.0,3373,7.2,1983,europe,ferrari,42700
buick grand national 1987,17.0,6,231.0,245.0,3545,6.1,1987,usa,buick,48700
ford taurus 1986,23.0,6,183.0,140.0,3120,10.8,1986,usa,ford,3000
mitsubishi starion 1985,19.0,4,156.0,188.0,3010,7.5,1985,japan,mitsubishi,7600
volvo 240 gl 1984,21.0,4,141.0,114.0,2910,11.0,1984,europe,volvo,7900
toyota camry 1998,24.0,4,134.0,133.0,2900,8.0,1998,japan,toyota,7900
bmw m3 2002,20.0,6,195.0,333.0,3400,5.1,2002,europe,bmw,26100
toyota rav4 2018,26.0,,4,152.0,203.0,3400,8.0,2018,japan,toyota,24000
chevrolet corvette 1984,22.0,8,350.0,205.0,3200,5.8,1984,usa,chevrolet,11100
volkswagen golf 1997,27.0,4,121.0,115.0,2700,9.0,1997,europe,volkswagen,10500
subaru impreza wrx 2004,20.0,4,122.0,227.0,3200,5.4,2004,japan,subaru,12000
audi a4 2008,24.0,4,121.0,200.0,3400,6.5,2008,europe,audi,7000
ford f-150 2015,19.0,6,213.0,282.0,4500,7.1,2015,usa,ford,8800
nissan altima 2005,26.0,4,152.0,175.0,3200,7.5,2005,japan,nissan,6500
mercedes-benz c-class 2016,24.0,4,121.0,241.0,3500,5.8,2016,europe,mercedes,22000
dodge charger 2018,25.0,6,220.0,292.0,3900,6.5,2018,usa,dodge,14000
chevrolet camaro 1989,18.0,8,350.0,245.0,3200,6.5,1989,usa,chevrolet,21500
jeep grand cherokee 1999,19.0,6,242.0,190.0,3800,8.0,1999,usa,jeep,4000
honda cr-v 2005,27.0,4,144.0,160.0,3400,8.0,2005,japan,honda,6500
pontiac gto 2004,20.0,8,364.0,400.0,3700,4.6,2004,usa,pontiac,17900
nissan 350z 2003,20.0,6,213.0,287.0,3200,5.5,2003,japan,nissan,17000
mazda miata 1990,30.0,4,98.0,116.0,2200,7.2,1990,japan,mazda,10400
chrysler 300c 2005,20.0,8,345.0,340.0,3800,6.0,2005,usa,chrysler,7000
ford explorer 2000,18.0,6,244.0,210.0,4000,8.3,2000,usa,ford,3500
toyota supra 1993,20.0,6,183.0,276.0,3200,5.6,1993,japan,toyota,65000
dodge neon 1995,28.0,4,122.0,132.0,2500,8.0,1995,usa,dodge,1000
bmw z3 1996,26.0,6,169.0,193.0,2800,6.9,1996,europe,bmw,11300
volkswagen passat 2001,24.0,4,110.0,150.0,3200,7.9,2001,europe,volkswagen,5100
chevrolet silverado 1999,18.0,8,325.0,285.0,4500,7.5,1999,usa,chevrolet,15500
nissan pathfinder 2005,21.0,6,244.0,266.0,4500,7.5,2005,japan,nissan,6000
honda fit 2007,33.0,4,91.0,109.0,2600,8.5,2007,japan,honda,1000
ford explorer 1995,18.0,6,244.0,160.0,3500,8.5,1995,usa,ford,4000
subaru outback 2000,24.0,6,183.0,250.0,3500,7.3,2000,japan,subaru,6000
chevrolet s10 1994,22.0,4,134.0,120.0,2900,9.0,1994,usa,chevrolet,6500
toyota tacoma 2005,21.0,6,241.0,236.0,3600,7.0,2005,japan,toyota,15000
mercury grand marquis 2003,18.0,8,281.0,240.0,4000,8.0,2003,usa,mercury,5000
honda accord 2008,28.0,4,144.0,190.0,3200,7.6,2008,japan,honda,6500
nissan xterra 2001,19.0,6,201.0,180.0,3800,8.0,2001,japan,nissan,15000
ford mustang 1997,19.0,6,232.0,190.0,3200,7.8,1997,usa,ford,4000
chrysler sebring 2001,24.0,4,144.0,150.0,3300,8.2,2001,usa,chrysler,5000
honda civic 1995,30.0,4,97.0,106.0,2600,8.5,1995,japan,honda,9200
mazda 6 2003,28.0,4,140.0,160.0,3200,7.5,2003,japan,mazda,3000
volvo s60 2004,24.0,5,152.0,208.0,3400,6.7,2004,europe,volvo,5000
dodge ram 1500 2002,15.0,8,360.0,245.0,5000,8.0,2002,usa,dodge,15000
toyota land cruiser fzj80 1994,15.0,8,275.0,212.0,5500,8.5,1994,japan,toyota,22900
bmw 325i e36 1995,22.0,6,152.0,189.0,3175,7.0,1995,europe,bmw,8000
honda prelude si 1993,25.0,4,137.0,160.0,2840,7.5,1993,japan,honda,11000
ford bronco xlt 1996,15.0,8,351.0,210.0,4600,9.5,1996,usa,ford,21100
nissan 300zx twin turbo z32 1990,18.0,6,183.0,300.0,3500,5.4,1990,japan,nissan,14500
jeep grand cherokee laredo 1998,18.0,6,242.0,185.0,3800,8.7,1998,usa,jeep,6000
toyota celica gt-four st205 1994,22.0,4,122.0,255.0,3250,6.0,1994,japan,toyota,17000
chevrolet camaro z28 1998,19.0,8,350.0,305.0,3465,5.2,1998,usa,chevrolet,14500
mazda mx-5 miata 1994,28.0,4,110.0,128.0,2200,8.5,1994,japan,mazda,10000
subaru impreza wrx sti 2004,19.0,4,153.0,300.0,3263,4.9,2004,japan,subaru,24700
mercedes-benz e320 w210 1996,23.0,6,195.0,217.0,3600,7.0,1996,europe,mercedes,8000
ford taurus sho 1999,18.0,8,207.0,235.0,3500,7.5,1999,usa,ford,5600
mitsubishi 3000gt vr-4 1995,19.0,6,183.0,320.0,3800,5.3,1995,japan,mitsubishi,45000
volkswagen golf gti mk4 2002,24.0,4,110.0,180.0,2900,7.2,2002,europe,volkswagen,5500
chevrolet corvette c5 1998,18.0,8,350.0,345.0,3235,4.7,1998,usa,chevrolet,21500
toyota mr2 spyder 2000,25.0,4,110.0,138.0,2200,6.8,2000,japan,toyota,10000
dodge viper gts 1998,13.0,10,488.0,450.0,3460,4.0,1998,usa,dodge,51900
porsche 911 carrera 4s 2003,20.0,6,220.0,320.0,3300,5.0,2003,europe,porsche,33000
honda s2000 2006,20.0,4,132.0,237.0,2835,5.4,2006,japan,honda,26000
ferrari f355 berlinetta 1995,14.0,8,213.0,375.0,2975,4.6,1995,europe,ferrari,118680
ford mustang gt 1999,18.0,8,281.0,260.0,3300,5.4,1999,usa,ford,18500
bmw m5 e39 2000,17.0,8,300.0,394.0,4023,4.8,2000,europe,bmw,33000
toyota supra turbo mk4 1998,19.0,6,183.0,320.0,3450,4.6,1998,japan,toyota,80000
jaguar xj8 2003,18.0,8,244.0,290.0,3850,6.6,2003,europe,jaguar,12500
subaru outback h6 2001,21.0,6,183.0,212.0,3550,8.0,2001,japan,subaru,17500
chevrolet tahoe lt 2004,15.0,8,325.0,295.0,5300,8.2,2004,usa,chevrolet,13000
nissan maxima se 1997,21.0,6,183.0,190.0,3300,7.0,1997,japan,nissan,5100
audi tt quattro 2002,22.0,4,110.0,225.0,3197,6.3,2002,europe,audi,8000
ford focus zx3 2003,25.0,4,122.0,130.0,2600,8.7,2003,usa,ford,4000
volvo s60 t5 2004,23.0,5,146.0,247.0,3400,6.6,2004,europe,volvo,6000
chrysler 300c hemi 2005,17.0,8,345.0,340.0,4160,5.3,2005,usa,chrysler,13000
honda civic si 2004,27.0,4,122.0,160.0,2740,7.6,2004,japan,honda,11000
nissan altima 3.5 se 2003,21.0,6,213.0,245.0,3280,6.2,2003,japan,nissan,3700
saab 9-3 aero 2002,24.0,4,122.0,205.0,3100,6.8,2002,europe,saab,4000
pontiac gto 2006,17.0,8,364.0,400.0,3725,4.7,2006,usa,pontiac,13000
mercedes-benz sl500 r129 1999,18.0,8,302.0,302.0,4170,6.1,1999,europe,mercedes,18000
bmw z4 roadster e85 2006,22.0,6,183.0,255.0,3130,5.6,2006,europe,bmw,16000
mitsubishi lancer evolution ix 2006,20.0,4,122.0,286.0,3263,4.7,2006,japan,mitsubishi,40000
subaru impreza wrx sti 2005,19.0,4,153.0,300.0,3360,4.6,2005,japan,subaru,24000
dodge charger srt8 2006,15.0,8,372.0,425.0,4160,4.9,2006,usa,dodge,22000
volkswagen passat w8 2003,19.0,8,244.0,270.0,3700,6.5,2003,europe,volkswagen,10000
chevrolet trailblazer ss 2006,14.0,8,364.0,395.0,4600,5.4,2006,usa,chevrolet,15000
toyota camry solara se v6 2004,23.0,6,202.0,225.0,3490,6.9,2004,japan,toyota,6000
volvo v70 r 2006,20.0,5,153.0,300.0,3700,5.6,2006,europe,volvo,16600
ford mustang shelby gt500 2008,14.0,8,330.0,500.0,3920,4.3,2008,usa,ford,35500
audi a6 3.2 fsi quattro 2007,22.0,6,195.0,255.0,3814,6.8,2007,europe,audi,10000
mazda mx-5 miata 2006,26.0,4,122.0,170.0,2480,6.7,2006,japan,mazda,13700
chevrolet corvette z06 c6 2006,18.0,8,427.0,505.0,3132,3.7,2006,usa,chevrolet,41300
porsche 911 carrera s 997 2005,21.0,6,232.0,355.0,3241,4.6,2005,europe,porsche,47500
nissan 350z touring 2007,20.0,6,213.0,306.0,3439,5.3,2007,japan,nissan,11100
volkswagen golf gti 2009,24.0,4,122.0,200.0,3200,6.8,2009,europe,volkswagen,7000
honda s2000 2007,20.0,4,134.0,237.0,2835,5.4,2007,japan,honda,31000
dodge challenger r/t 2009,16.0,8,345.0,372.0,4041,5.1,2009,usa,dodge,29500
jeep grand cherokee srt8 2008,12.0,8,372.0,420.0,4800,4.7,2008,usa,jeep,16000
audi rs4 b7 2007,16.0,8,254.0,420.0,3957,4.6,2007,europe,audi,25000
bmw m3 e92 2008,14.0,8,244.0,414.0,3704,4.1,2008,europe,bmw,25000
ford f-150 svt raptor 2010,11.0,8,379.0,411.0,6000,7.1,2010,usa,ford,24500
chevrolet camaro ss 2010,16.0,8,376.0,426.0,3860,4.7,2010,usa,chevrolet,28300
volkswagen scirocco r 2011,27.0,4,122.0,261.0,3097,5.8,2011,europe,volkswagen,13000
ferrari 458 italia 2010,14.0,8,275.0,562.0,3042,3.4,2010,europe,ferrari,200000
lamborghini aventador lp700-4 2012,10.0,12,396.0,700.0,3472,2.9,2012,europe,lamborghini,240900
porsche panamera turbo 2014,18.0,8,293.0,520.0,4400,3.7,2014,europe,porsche,45000
jaguar f-type r 2015,18.0,8,305.0,550.0,3674,3.9,2015,europe,jaguar,38500
chevrolet corvette z06 c7 2015,16.0,8,376.0,650.0,3524,2.9,2015,usa,chevrolet,75000
audi rs7 sportback 2016,18.0,8,244.0,560.0,4475,3.6,2016,europe,audi,55000
ford focus rs 2016,22.0,4,140.0,350.0,3434,4.7,2016,usa,ford,28000
bmw m2 2016,23.0,6,183.0,365.0,3450,4.2,2016,europe,bmw,33700
mercedes-amg gt s 2016,19.0,8,244.0,503.0,3560,3.7,2016,europe,mercedes,76900
honda civic type r 2017,25.0,4,122.0,306.0,3117,5.7,2017,japan,honda,32000
chevrolet camaro zl1 2017,14.0,8,376.0,650.0,3885,3.5,2017,usa,chevrolet,59000
mazda cx-5 2017,28.0,4,152.0,187.0,3500,8.7,2017,japan,mazda,18000
audi r8 v10 plus 2017,14.0,10,317.0,610.0,3669,3.2,2017,europe,audi,140000
dodge charger hellcat 2018,13.0,8,376.0,707.0,4560,3.6,2018,usa,dodge,50000
bmw m5 2018,17.0,8,268.0,600.0,4382,3.2,2018,europe,bmw,56900
jeep wrangler rubicon 2018,18.0,6,220.0,285.0,4449,7.4,2018,usa,jeep,37000
ford mustang shelby gt350 2019,14.0,8,317.0,526.0,3791,4.0,2019,usa,ford,59600
toyota supra a90 2020,24.0,6,183.0,382.0,3397,4.1,2020,japan,toyota,49700
chevrolet corvette stingray c8 2020,15.0,8,376.0,490.0,3366,2.9,2020,usa,chevrolet,65000
mazda mx-5 miata rf 2020,26.0,4,122.0,181.0,2445,6.0,2020,japan,mazda,23000
porsche 911 carrera s 992 2020,21.0,6,183.0,443.0,3360,3.5,2020,europe,porsche,95000
bmw m8 competition 2020,17.0,8,268.0,617.0,4200,3.1,2020,europe,bmw,100000
ferrari f8 tributo 2020,15.0,8,238.0,710.0,3160,2.9,2020,europe,ferrari,298000
nissan gt-r nismo 2020,16.0,6,231.0,600.0,3935,2.9,2020,japan,nissan,210000
audi rs q8 2021,15.0,8,244.0,591.0,5291,3.7,2021,europe,audi,93400
ford bronco wildtrak 2021,20.0,6,164.0,330.0,4940,6.7,2021,usa,ford,52000
toyota gr yaris 2021,29.0,3,98.0,268.0,2822,5.5,2021,japan,toyota,38000
jeep grand cherokee l summit reverse 2021,19.0,8,345.0,357.0,5290,6.4,2021,usa,jeep,62000
volkswagen golf gti 2021,28.0,4,122.0,241.0,3252,5.1,2021,europe,volkswagen,27000
chevrolet monte carlo ss 1987,15.0,8,305.0,180.0,3456,8.0,1987,usa,chevrolet,23000
toyota celica gt-four 1994,20.0,4,122.0,252.0,3170,6.0,1994,japan,toyota,16800
bmw z3 roadster 1996,24.0,4,116.0,138.0,2756,8.0,1996,europe,bmw,10200
dodge viper srt-10 2008,13.0,10,512.0,600.0,3450,3.5,2008,usa,dodge,76200
mercedes-benz 190e 2.5-16 evolution ii 1990,18.0,4,153.0,235.0,2830,7.1,1990,europe,mercedes,45000
toyota mr2 turbo 1995,24.0,4,122.0,200.0,2700,6.1,1995,japan,toyota,29400
honda civic type r ek9 1997,27.0,4,98.0,182.0,2425,6.7,1997,japan,honda,20000
chevrolet corvette z06 c5 2002,19.0,8,350.0,405.0,3118,4.0,2002,usa,chevrolet,28000
ford mustang svt cobra 1993,17.0,8,302.0,235.0,3270,6.2,1993,usa,ford,53200
toyota supra turbo mk4 1994,18.0,6,183.0,320.0,3450,4.6,1994,japan,toyota,60000
ferrari 360 modena 1999,15.0,8,219.0,395.0,3197,4.5,1999,europe,ferrari,98900
mitsubishi lancer evolution viii 2003,20.0,4,122.0,271.0,3263,4.9,2003,japan,mitsubishi,23000
nissan skyline gt-r r34 1999,18.0,6,160.0,276.0,3660,5.0,1999,japan,nissan,147000
bmw m3 e46 2001,17.0,6,195.0,333.0,3415,4.8,2001,europe,bmw,27800
lamborghini diablo sv 1995,10.0,12,348.0,510.0,3625,4.0,1995,europe,lamborghini,250000
audi s4 b5 2000,17.0,6,165.0,250.0,3549,5.6,2000,europe,audi,10000
volkswagen golf r32 mk4 2003,21.0,6,195.0,237.0,3330,6.2,2003,europe,volkswagen,17000
porsche 911 carrera s 997 2004,19.0,6,232.0,355.0,3175,4.5,2004,europe,porsche,46000
chevrolet impala ss 1996,17.0,8,350.0,260.0,4041,7.0,1996,usa,chevrolet,22500
mazda mx-5 miata nb 1999,25.0,4,110.0,140.0,2380,8.0,1999,japan,mazda,8000
jaguar xj220 1992,13.0,6,213.0,542.0,3020,3.5,1992,europe,jaguar,351100
bmw z8 2000,15.0,8,299.0,400.0,3494,4.2,2000,europe,bmw,140000
subaru legacy gt spec b 2007,18.0,4,153.0,243.0,3435,5.6,2007,japan,subaru,13000
saab 9-3 viggen 1999,19.0,4,140.0,230.0,3120,6.4,1999,europe,saab,7500
ford gt 2005,14.0,8,330.0,550.0,3485,3.5,2005,usa,ford,350000
honda nsx 1991,21.0,6,183.0,270.0,3170,5.0,1991,japan,honda,78100
plymouth prowler 1997,17.0,6,213.0,214.0,2883,5.7,1997,usa,plymouth,32000
volkswagen corrado vr6 1995,22.0,6,178.0,190.0,2855,6.7,1995,europe,volkswagen,12300
volvo 850 t-5r 1995,21.0,5,140.0,240.0,3360,6.7,1995,europe,volvo,10000
chevrolet camaro ss 1998,19.0,8,350.0,320.0,3410,5.2,1998,usa,chevrolet,18000
ferrari 550 maranello 1996,11.0,12,335.0,485.0,3725,4.2,1996,europe,ferrari,94900
mitsubishi lancer evolution vi 1999,20.0,4,122.0,280.0,2954,4.7,1999,japan,mitsubishi,33400
ford mustang svt cobra r 2000,15.0,8,330.0,385.0,3570,4.4,2000,usa,ford,120000
subaru impreza wrx sti 2004,18.0,4,153.0,300.0,3263,5.1,2004,japan,subaru,24600
ferrari f355 1995,12.0,8,213.0,375.0,2976,4.6,1995,europe,ferrari,150000
bmw m5 e39 1998,19.0,8,299.0,394.0,4023,4.8,1998,europe,bmw,20000
honda s2000 1999,24.0,4,122.0,240.0,2809,5.4,1999,japan,honda,30000
mercedes-benz slr mclaren 2003,13.0,8,330.0,617.0,3897,3.8,2003,europe,mercedes,350000
dodge viper gts 1996,12.0,10,488.0,450.0,3386,4.0,1996,usa,dodge,50000
toyota supra mk4 1993,18.0,6,183.0,320.0,3450,4.6,1993,japan,toyota,45000
audi rs2 avant 1994,17.0,5,134.0,311.0,3594,4.8,1994,europe,audi,59700
pontiac firebird trans am 1985,15.0,8,305.0,210.0,3260,7.6,1985,usa,pontiac,10000
chevrolet corvette zr-1 c4 1990,17.0,8,350.0,375.0,3460,4.4,1990,usa,chevrolet,35000
porsche 928 gts 1992,15.0,8,330.0,345.0,3649,5.2,1992,europe,porsche,73550
dodge stealth r/t twin turbo 1991,18.0,6,183.0,300.0,3790,5.2,1991,usa,dodge,15000
ford thunderbird super coupe 1989,17.0,6,232.0,210.0,3667,7.5,1989,usa,ford,12000
mercedes-benz 500e 1991,16.0,8,302.0,322.0,4000,5.5,1991,europe,mercedes,35000
jaguar xjr 1997,18.0,8,244.0,370.0,4095,5.6,1997,europe,jaguar,8000
toyota mr2 turbo 1991,24.0,4,122.0,200.0,2809,6.1,1991,japan,toyota,18100
chevrolet lumina z34 1991,19.0,6,207.0,210.0,3240,7.0,1991,usa,chevrolet,9000
volkswagen corrado vr6 1992,21.0,6,177.0,178.0,2866,6.4,1992,europe,volkswagen,18700
buick regal gs 1997,18.0,6,231.0,240.0,3500,6.7,1997,usa,buick,5500
toyota supra turbo 1987,20.0,6,183.0,230.0,3450,6.4,1987,japan,toyota,27400
porsche 911 carrera 964 1989,17.0,6,219.0,247.0,3000,5.2,1989,europe,porsche,59990
bmw z3 m roadster 1997,20.0,6,195.0,240.0,3175,5.4,1997,europe,bmw,20000
mitsubishi 3000gt vr-4 1991,18.0,6,183.0,300.0,3760,5.2,1991,japan,mitsubishi,20200
chevrolet camaro z28 1985,16.0,8,305.0,215.0,3270,6.9,1985,usa,chevrolet,22310
ferrari testarossa 1984,11.0,12,302.0,390.0,3660,5.3,1984,europe,ferrari,145000
honda prelude si 1987,24.0,4,122.0,135.0,2660,9.0,1987,japan,honda,13000
ford taurus sho 1989,19.0,6,183.0,220.0,3235,6.6,1989,usa,ford,10000
ford mustang svo 1984,21.0,4,140.0,205.0,3088,6.8,1984,usa,ford,14000
bmw m5 e28 1985,16.0,6,210.0,282.0,3483,6.5,1985,europe,bmw,40000
toyota celica all-trac turbo 1988,20.0,4,122.0,190.0,3240,7.5,1988,japan,toyota,21500
dodge viper rt/10 1992,12.0,10,488.0,400.0,3400,4.6,1992,usa,dodge,57000
subaru svx 1992,17.0,6,202.0,230.0,3590,7.3,1992,japan,subaru,6000
nissan pulsar gti-r 1990,20.0,4,122.0,227.0,2750,5.4,1990,japan,nissan,22200
pontiac fiero gt 1986,19.0,6,173.0,140.0,2700,8.2,1986,usa,pontiac,11000
pontiac bonneville ssei 1992,17.0,6,231.0,205.0,3600,7.6,1992,usa,pontiac,5000
pontiac grand prix gtp 1997,18.0,6,231.0,240.0,3534,6.6,1997,usa,pontiac,14000
pontiac firebird formula 1998,18.0,8,350.0,305.0,3386,5.1,1998,usa,pontiac,15000
pontiac grand am se 1985,22.0,4,151.0,92.0,2600,10.5,1985,usa,pontiac,7300
pontiac sunbird gt turbo 1987,24.0,4,110.0,165.0,2650,8.0,1987,usa,pontiac,7000
pontiac bonneville sse 1988,19.0,6,231.0,150.0,3300,9.1,1988,usa,pontiac,8000
pontiac trans sport 1990,18.0,6,191.0,120.0,3700,11.0,1990,usa,pontiac,3000
pontiac aztek 2001,19.0,6,207.0,185.0,3764,10.3,2001,usa,pontiac,3500
pontiac solstice 2006,20.0,4,145.0,177.0,2860,7.2,2006,usa,pontiac,9000
peugeot 205 gti 1984,28.0,4,97.0,105.0,2116,8.7,1984,europe,peugeot,23200
peugeot 505 turbo 1986,22.0,4,134.0,142.0,3050,8.5,1986,europe,peugeot,10000
peugeot 405 mi16 1988,24.0,4,116.0,160.0,2646,8.2,1988,europe,peugeot,9750
peugeot 306 s16 1993,25.0,4,122.0,155.0,2535,8.3,1993,europe,peugeot,7000
peugeot 309 gti 1989,27.0,4,116.0,130.0,2237,8.0,1989,europe,peugeot,18500
peugeot 406 coupe v6 1997,21.0,6,183.0,194.0,3195,8.0,1997,europe,peugeot,7000
peugeot 206 gti 1999,30.0,4,122.0,138.0,2380,8.0,1999,europe,peugeot,2600
peugeot 406 coupe 1997,23.0,6,183.0,194.0,3285,8.0,1997,europe,peugeot,6000
peugeot 607 v6 2000,20.0,6,183.0,210.0,3582,8.1,2000,europe,peugeot,5500
peugeot 307 cc 2003,27.0,4,122.0,138.0,3060,10.3,2003,europe,peugeot,3000
peugeot 307 hdi 2001,47.0,4,122.0,110.0,2860,11.1,2001,europe,peugeot,1500
peugeot 407 hdi 2004,38.0,4,122.0,138.0,3461,11.0,2004,europe,peugeot,2500
saab 900 turbo 1984,22.0,4,122.0,160.0,2775,8.5,1984,europe,saab,10200
saab 9000 turbo 1986,20.0,4,122.0,160.0,3070,8.0,1986,europe,saab,14000
saab 900 convertible 1987,21.0,4,122.0,135.0,2940,9.0,1987,europe,saab,16000
saab 9000 cd 1991,24.0,4,140.0,200.0,3270,7.5,1991,europe,saab,3000
saab 900 se turbo 1994,23.0,4,122.0,185.0,3000,7.2,1994,europe,saab,12000
saab 9-5 aero 2002,20.0,4,140.0,250.0,3400,6.5,2002,europe,saab,2500
saab 9-3 sport sedan 2003,24.0,4,122.0,210.0,3300,7.0,2003,europe,saab,5000
opel manta gsi 1983,25.0,4,110.0,115.0,2430,9.5,1983,europe,opel,10000
opel kadett gsi 1984,27.0,4,110.0,115.0,2150,9.0,1984,europe,opel,10000
opel calibra 16v 1990,24.0,4,122.0,150.0,2710,8.0,1990,europe,opel,2400
opel astra gsi 1993,26.0,4,122.0,150.0,2600,8.5,1993,europe,opel,5000
opel zafira a opc 2001,21.0,4,122.0,192.0,3280,7.6,2001,europe,opel,4000
opel speedster 2003,29.0,4,134.0,147.0,2070,5.9,2003,europe,opel,28000
opel monza gse 1984,20.0,6,183.0,180.0,3100,8.0,1984,europe,opel,30000
opel senator 3.0i 24v 1987,19.0,6,183.0,204.0,3420,7.8,1987,europe,opel,4500
opel kadett gsi 16v 1988,28.0,4,122.0,156.0,2375,7.8,1988,europe,opel,10000
opel astra f gsi 16v 1991,25.0,4,122.0,150.0,2510,8.2,1991,europe,opel,6000
opel vectra a turbo 4x4 1992,22.0,4,122.0,204.0,3130,7.0,1992,europe,opel,7000
opel corsa b gsi 1993,32.0,4,97.0,109.0,2200,9.0,1993,europe,opel,5000
opel calibra turbo 4x4 1995,23.0,4,122.0,204.0,3110,6.7,1995,europe,opel,9000
opel astra h opc 2005,24.0,4,122.0,240.0,3300,6.4,2005,europe,opel,12000
fiat panda 1000 clx 1991,30.0,4,61.0,45.0,1540,16.0,1991,europe,fiat,4000
fiat punto gt 1993,24.0,4,85.0,133.0,2210,7.9,1993,europe,fiat,6000
fiat coupe 2.0 20v turbo 1996,22.0,5,122.0,220.0,2900,6.5,1996,europe,fiat,12000
fiat bravo hgt 1997,23.0,5,122.0,147.0,2720,8.4,1997,europe,fiat,3000
fiat multipla 1.9 jtd 1999,35.0,4,116.0,110.0,3200,12.0,1999,europe,fiat,2000
oldsmobile cutlass supreme brougham 1983,20.0,6,231.0,110.0,3300,12.8,1983,usa,oldsmobile,10000
oldsmobile toronado brougham 1984,18.0,8,307.0,140.0,3750,10.5,1984,usa,oldsmobile,10000
oldsmobile cutlass supreme international 1988,21.0,6,173.0,130.0,2900,9.0,1988,usa,oldsmobile,11500
oldsmobile toronado trofeo 1989,20.0,6,231.0,165.0,3450,9.0,1989,usa,oldsmobile,7000
oldsmobile bravada 1991,17.0,6,262.0,160.0,4150,9.8,1991,usa,oldsmobile,8000
oldsmobile aurora 1995,20.0,8,244.0,250.0,3900,7.5,1995,usa,oldsmobile,3500
chrysler lebaron convertible 1985,22.0,4,135.0,99.0,,2750,11.3,1985,usa,chrysler,4000
chrysler fifth avenue 1984,18.0,8,318.0,140.0,3800,12.0,1984,usa,chrysler,3200
chrysler new yorker 1988,19.0,4,153.0,100.0,3000,11.5,1988,usa,chrysler,2600
chrysler tc by maserati 1989,21.0,4,135.0,160.0,3050,8.5,1989,usa,chrysler,9000
chrysler lebaron gtc 1990,20.0,4,153.0,150.0,3100,9.0,1990,usa,chrysler,9000
chrysler concorde 1993,18.0,6,201.0,153.0,3400,10.0,1993,usa,chrysler,2500
chrysler lhs 1994,19.0,6,215.0,214.0,3600,8.6,1994,usa,chrysler,3500
chrysler sebring convertible 1996,21.0,6,152.0,168.0,3200,9.5,1996,usa,chrysler,4000
renault alliance 1983,30.0,4,85.0,64.0,1900,13.0,1983,europe,renault,3000
renault fuego 1984,24.0,4,134.0,103.0,2600,10.5,1984,europe,renault,5500
renault 5 turbo 1985,20.0,4,85.0,160.0,2150,7.0,1985,europe,renault,40000
renault medallion 1987,22.0,4,134.0,110.0,2750,11.0,1987,europe,renault,4000
renault espace 1988,21.0,4,122.0,110.0,3100,12.5,1988,europe,renault,3000
renault 21 1989,25.0,4,104.0,90.0,2400,11.8,1989,europe,renault,5000
renault clio 1990,35.0,4,73.0,55.0,1800,14.0,1990,europe,renault,1500
renault safrane 1992,23.0,6,183.0,170.0,3400,9.2,1992,europe,renault,5000
renault 9 1983,30.0,4,85.0,59.0,1830,15.0,1983,europe,renault,1000
renault 25 v6 turbo 1985,20.0,6,152.0,182.0,3200,7.8,1985,europe,renault,4500
renault 11 turbo 1984,25.0,4,85.0,105.0,2000,9.0,1984,europe,renault,5000
renault gta 1986,22.0,4,122.0,95.0,2700,10.2,1986,europe,renault,2500
renault alpine gta v6 turbo 1987,18.0,6,152.0,200.0,2900,6.8,1987,europe,renault,18000
renault 19 16v 1990,28.0,4,110.0,137.0,2400,8.0,1990,europe,renault,3000
renault 19 1988,30.0,4,85.0,80.0,2200,12.0,1988,europe,renault,2500
renault clio williams 1993,25.0,4,122.0,150.0,2325,7.8,1993,europe,renault,6500
renault 21 turbo 1989,25.0,4,122.0,175.0,2900,7.2,1989,europe,renault,7000
renault twingo 1993,39.0,4,73.0,55.0,1800,14.5,1993,europe,renault,1000
renault laguna 1994,26.0,4,110.0,115.0,2900,11.0,1994,europe,renault,2000
renault spider 1996,24.0,4,122.0,148.0,2100,6.9,1996,europe,renault,35000
renault megane coupe 1995,28.0,4,122.0,140.0,2600,8.9,1995,europe,renault,4000
subaru leone 4wd wagon 1984,24.0,,4,110.0,73.0,2500,15.0,1984,japan,subaru,3000
subaru xt coupe 1985,28.0,4,110.0,97.0,2200,12.0,1985,japan,subaru,3000
subaru legacy 1990,23.0,4,134.0,130.0,3000,10.5,1990,japan,subaru,4000
subaru impreza wrx 1994,21.0,4,122.0,240.0,2800,5.5,1994,japan,subaru,16000
subaru outback 1995,22.0,4,153.0,165.0,3200,9.0,1995,japan,subaru,6000
subaru forester 1997,24.0,4,153.0,165.0,3100,8.6,1997,japan,subaru,9500
subaru baja 2003,21.0,4,153.0,165.0,3400,10.0,2003,japan,subaru,5600
lamborghini jalpa 1984,13.0,8,213.0,255.0,3300,6.0,1984,europe,lamborghini,80000
lamborghini countach 5000 qv 1985,9.0,12,316.0,455.0,3300,4.8,1985,europe,lamborghini,550000
lamborghini lm002 1986,8.0,12,316.0,444.0,5900,7.7,1986,europe,lamborghini,400000
lamborghini diablo 1990,11.0,12,348.0,485.0,3560,4.5,1990,europe,lamborghini,300000
lamborghini diablo vt 1993,10.0,12,348.0,492.0,3760,4.1,1993,europe,lamborghini,300000
lamborghini murcielago 2001,8.0,12,378.0,572.0,3638,3.8,2001,europe,lamborghini,275000
lamborghini gallardo 2003,12.0,10,305.0,493.0,3439,4.1,2003,europe,lamborghini,95000
lamborghini murcielago lp640 2006,9.0,12,397.0,631.0,3670,3.4,2006,europe,lamborghini,245000
lamborghini diablo vt roadster 1996,9.0,12,348.0,492.0,3858,4.2,1996,europe,lamborghini,400000
lamborghini diablo gt 1999,8.0,12,366.0,575.0,3197,3.9,1999,europe,lamborghini,500000
lamborghini murcielago roadster 2004,9.0,12,378.0,580.0,3638,3.8,2004,europe,lamborghini,300000
lamborghini gallardo spyder 2005,12.0,10,305.0,520.0,3483,4.0,2005,europe,lamborghini,80000
lamborghini huracan lp610-4 2014,14.0,10,317.0,610.0,3139,3.2,2014,europe,lamborghini,230000
jaguar xj-s v12 he 1983,15.0,12,326.0,295.0,4015,7.8,1983,europe,jaguar,18000
jaguar xj6 series iii 1984,17.0,6,256.0,176.0,3990,9.0,1984,europe,jaguar,7000
jaguar xj-sc 1986,16.0,12,326.0,263.0,4100,8.1,1986,europe,jaguar,15000
jaguar xk8 1996,18.0,8,244.0,290.0,3726,6.4,1996,europe,jaguar,9000
jaguar s-type 1999,20.0,6,183.0,240.0,3700,7.5,1999,europe,jaguar,7000
jaguar xkr 2000,17.0,8,244.0,370.0,3780,5.2,2000,europe,jaguar,25000
jagaur x-type 2001,21.0,6,152.0,194.0,3483,8.0,2001,europe,jaguar,4500
jaguar xj6 xj40 1987,18.0,6,219.0,221.0,3950,8.6,1987,europe,jaguar,8000
jaguar xjr 1995,16.0,6,244.0,322.0,4200,6.3,1995,europe,jaguar,13000
jaguar xj8 1997,17.0,8,244.0,290.0,4080,6.9,1997,europe,jaguar,8000
jaguar xk x100 1997,18.0,8,244.0,290.0,3780,6.4,1997,europe,jaguar,10000
jaguar x-type estate 2004,21.0,6,183.0,227.0,3665,7.1,2004,europe,jaguar,3000
jaguar xkr x150 2006,17.0,8,256.0,420.0,3880,4.9,2006,europe,jaguar,18000
jaguar xf 2008,18.0,8,256.0,300.0,3960,6.2,2008,europe,jaguar,10000
jaguar xj x351 2010,19.0,8,305.0,385.0,4095,5.7,2010,europe,jaguar,20000
jeep cherokee xj 1984,20.0,4,150.0,105.0,3100,14.5,1984,usa,jeep,5000
jeep wrangler yj 1987,18.0,4,150.0,117.0,2900,13.0,1987,usa,jeep,6000
jeep grand cherokee zj 1993,16.0,6,242.0,190.0,3600,9.5,1993,usa,jeep,6500
jeep wrangler tj 1997,16.0,6,242.0,181.0,3310,9.0,1997,usa,jeep,10000
jeep liberty kj 2002,18.0,6,226.0,210.0,4021,10.2,2002,usa,jeep,6000
jeep commander xk 2006,15.0,8,287.0,235.0,4650,8.5,2006,usa,jeep,5000
jeep wrangler jk 2007,16.0,6,231.0,202.0,3760,10.1,2007,usa,jeep,15000
jeep grand cherokee wk2 2011,17.0,6,220.0,290.0,4650,7.5,2011,usa,jeep,10000
jeep wagoneer 1984,15.0,6,258.0,112.0,3770,14.2,1984,usa,jeep,6000
jeep wrangler sahara yj 1992,16.0,6,242.0,180.0,3070,10.3,1992,usa,jeep,12000
jeep grand cherokee limited 1998,14.0,8,318.0,220.0,4070,8.7,1998,usa,jeep,5000
jeep liberty kj 2005,17.0,6,226.0,210.0,4020,9.8,2005,usa,jeep,4000
jeep patriot 2007,23.0,4,144.0,172.0,3280,9.5,2007,usa,jeep,4500
jeep compass 2011,22.0,4,144.0,172.0,3200,10.3,2011,usa,jeep,6900
jeep wrangler rubicon jk 2013,16.0,6,220.0,285.0,4295,8.4,2013,usa,jeep,23000
mitsubishi starion 1983,20.0,4,156.0,145.0,2900,8.2,1983,japan,mitsubishi,10000
mitsubishi galant vr-4 1988,18.0,4,122.0,195.0,3260,6.8,1988,japan,mitsubishi,9000
mitsubishi eclipse gsx 1995,20.0,4,122.0,210.0,3150,6.4,1995,japan,mitsubishi,10000
mitsubishi 3000gt vr-4 1999,18.0,6,183.0,320.0,3760,5.5,1999,japan,mitsubishi,31000
mitsubishi outlander 2003,22.0,4,146.0,160.0,3300,10.5,2003,japan,mitsubishi,3000
mitsubishi lancer evolution x 2015,17.0,4,122.0,303.0,3500,4.7,2015,japan,mitsubishi,36500
mitsubishi galant 1987,23.0,4,122.0,110.0,2500,10.5,1987,japan,mitsubishi,4500
mitsubishi pajero 1991,18.0,6,183.0,150.0,4200,11.0,1991,japan,mitsubishi,2500
mitsubishi eclipse rs 2000,22.0,4,146.0,154.0,2930,8.4,2000,japan,mitsubishi,4000
mitsubishi montero sport 2002,16.0,6,213.0,197.0,4200,9.6,2002,japan,mitsubishi,6000
mitsubishi outlander 2010,21.0,4,146.0,168.0,3400,9.5,2010,japan,mitsubishi,6500
mitsubishi asx 2013,26.0,4,122.0,148.0,3040,10.0,2013,japan,mitsubishi,10000
mitsubishi l200 2015,29.0,4,146.0,181.0,4300,10.8,2015,japan,mitsubishi,17000
mitsubishi mirage 2018,37.0,3,73.0,78.0,2050,12.8,2018,japan,mitsubishi,7000
ferrari 512 tr 1991,10.0,12,300.0,428.0,3219,4.9,1991,europe,ferrari,200000
ferrari 348 tb 1989,12.0,8,207.0,300.0,3200,5.6,1989,europe,ferrari,75000
ferrari 456 gt 1992,10.0,12,335.0,442.0,3725,5.1,1992,europe,ferrari,79000
ferrari 575m maranello 2002,9.0,12,350.0,508.0,3726,4.2,2002,europe,ferrari,115000
ferrari f430 2004,12.0,8,262.0,483.0,3197,3.9,2004,europe,ferrari,140000
ferrari california 2008,13.0,8,262.0,454.0,3725,3.8,2008,europe,ferrari,115000
ferrari 612 scaglietti 2004,11.0,12,350.0,533.0,4080,4.2,2004,europe,ferrari,75000
ferrari 599 gtb fiorano 2006,9.0,12,366.0,612.0,3722,3.3,2006,europe,ferrari,199000
ferrari 458 spider 2011,14.0,8,274.0,562.0,3274,3.4,2011,europe,ferrari,190000
ferrari f12 berlinetta 2012,12.0,12,384.0,730.0,3593,3.1,2012,europe,ferrari,250000
ferrari ff 2013,11.0,12,384.0,651.0,4145,3.7,2013,europe,ferrari,150000
ferrari 488 gtb 2015,15.0,8,238.0,661.0,3250,3.0,2015,europe,ferrari,200000
ferrari gtc4lusso 2016,12.0,12,384.0,680.0,4299,3.4,2016,europe,ferrari,220000
ferrari portofino 2018,16.0,8,238.0,591.0,3725,3.5,2018,europe,ferrari,210000
porsche 968 1992,19.0,4,183.0,236.0,3197,6.1,1992,europe,porsche,30000
porsche boxster 1996,20.0,6,153.0,201.0,2778,6.7,1996,europe,porsche,15000
porsche 911 gt3 1999,16.0,6,219.0,355.0,3075,4.5,1999,europe,porsche,55000
porsche cayenne 2002,15.0,8,274.0,340.0,5225,7.2,2002,europe,porsche,13000
porsche panamera 2009,18.0,8,293.0,400.0,3968,5.2,2009,europe,porsche,32000
porsche 911 turbo 930 1985,15.0,6,201.0,300.0,2954,4.6,1985,europe,porsche,115000
porsche 928 s4 1987,14.0,8,302.0,316.0,3571,5.7,1987,europe,porsche,39500
porsche 911 carrera rs 964 1992,17.0,6,219.0,260.0,2855,5.1,1992,europe,porsche,165000
porsche 911 gt2 993 1995,14.0,6,219.0,430.0,2850,3.9,1995,europe,porsche,300000
porsche 911 carrera 4 996 1998,18.0,6,207.0,300.0,3240,5.2,1998,europe,porsche,30000
porsche 911 turbo 996 2000,15.0,6,219.0,420.0,3400,4.2,2000,europe,porsche,35000
porsche cayman s 2006,20.0,6,207.0,295.0,2998,5.1,2006,europe,porsche,25000
nissan 300zx 1984,19.0,6,183.0,160.0,3000,7.3,1984,japan,nissan,15000
nissan pathfinder 1987,15.0,6,183.0,140.0,3900,10.5,1987,japan,nissan,5000
nissan 240sx 1991,22.0,4,146.0,155.0,2700,8.4,1991,japan,nissan,8000
nissan altima 1998,23.0,4,146.0,150.0,2950,9.5,1998,japan,nissan,4500
nissan xterra 2000,16.0,6,202.0,170.0,4100,10.2,2000,japan,nissan,4300
nissan gt-r 2009,16.0,6,231.0,480.0,3829,3.5,2009,japan,nissan,84000
subaru gl wagon 1985,25.0,4,110.0,82.0,2350,13.0,1985,japan,subaru,2000
subaru impreza wrx 1997,19.0,4,122.0,227.0,,3000,5.9,1997,japan,subaru,15000
subaru brz 2012,25.0,4,122.0,200.0,2762,6.4,2012,japan,subaru,20000
mercedes-benz 190e 1984,22.0,4,140.0,130.0,2850,10.3,1984,europe,mercedes,3500
mercedes-benz 560sl 1989,15.0,8,341.0,227.0,3760,7.0,1989,europe,mercedes,25000
mercedes-benz e320 1994,19.0,6,195.0,217.0,3500,7.1,1994,europe,mercedes,5900
mercedes-benz c230 kompressor 2000,23.0,4,140.0,185.0,3120,8.0,2000,europe,mercedes,4000
mercedes-benz sl55 amg 2003,14.0,8,332.0,493.0,4400,4.5,2003,europe,mercedes,20500
mercedes-benz cls500 2006,17.0,8,305.0,302.0,4025,5.9,2006,europe,mercedes,7500
mercedes-benz s550 2010,15.0,8,336.0,382.0,4485,5.4,2010,europe,mercedes,15000
mercedes-benz 300d 1985,23.0,5,183.0,123.0,3450,13.0,1985,europe,mercedes,7900
mercedes-benz 560sel 1989,14.0,8,341.0,238.0,4160,7.5,1989,europe,mercedes,15500
mercedes-benz e320 cabriolet 1994,20.0,6,195.0,217.0,3945,8.0,1994,europe,mercedes,15000
mercedes-benz s320 1997,19.0,6,195.0,228.0,4300,9.2,1997,europe,mercedes,7900
mercedes-benz slk230 1999,22.0,4,140.0,185.0,3020,6.9,1999,europe,mercedes,6000
mercedes-benz ml320 2001,17.0,6,195.0,215.0,4485,8.5,2001,europe,mercedes,4250
mercedes-benz e55 amg 2003,14.0,8,332.0,469.0,4145,4.5,2003,europe,mercedes,18000
mercedes-benz g55 amg 2006,11.0,8,332.0,469.0,5550,5.2,2006,europe,mercedes,40000
chevrolet monte carlo sport coupe 1970,14.0,8,350.0,165.0,3470,8.5,1970,usa,chevrolet,20000
chevrolet corvette c3 stingray 1970,14.0,8,350.0,300.0,3100,6.9,1970,usa,chevrolet,35000
chevrolet chevelle ss 396 1970,12.0,8,396.0,350.0,3500,6.6,1970,usa,chevrolet,60000
chevrolet camaro z28 1970,12.0,8,350.0,360.0,3000,6.9,1970,usa,chevrolet,40000
chevrolet impala ss 427 1970,12.0,8,427.0,385.0,3700,6.5,1970,usa,chevrolet,38000
chevrolet nova ss 350 1970,13.0,8,350.0,300.0,3100,7.5,1970,usa,chevrolet,22000
buick skylark custom convertible 1970,13.5,8,350.0,230.0,3550,9.1,1970,usa,buick,26000
buick gs stage 1 1970,10.0,8,455.0,360.0,3874,5.8,1970,usa,buick,79000
buick electra 225 custom 1970,11.0,8,455.0,370.0,4460,8.5,1970,usa,buick,9700
buick riviera gs 1970,11.0,8,455.0,370.0,4210,7.9,1970,usa,buick,20000
buick wildcat custom 4-door hardtop 1970,12.0,8,455.0,370.0,4120,8.0,1970,usa,buick,5800
buick lesabre custom coupe 1970,13.0,8,350.0,260.0,3750,9.2,1970,usa,buick,6200
buick sportwagon 400 1970,12.0,8,400.0,325.0,4090,8.4,1970,usa,buick,12000
plymouth barracuda 1970,14.0,8,383.0,330.0,3550,12.0,1970,usa,plymouth,54000
plymouth gtx 1970,15.0,8,440.0,375.0,3900,13.0,1970,usa,plymouth,65000
plymouth road runner 1970,13.0,8,383.0,335.0,3600,12.5,1970,usa,plymouth,42000
plymouth fury iii 1970,14.0,8,360.0,290.0,4000,14.0,1970,usa,plymouth,21000
plymouth valiant 6 1970,19.0,6,225.0,105.0,2700,19.0,1970,usa,plymouth,11500
amc javelin sst 1970,14.0,8,304.0,210.0,2900,7.5,1970,usa,amc,34500
amc javelin amx 1970,13.0,8,390.0,325.0,3150,6.6,1970,usa,amc,30000
amc rebel machine 1970,12.0,8,390.0,340.0,3500,6.5,1970,usa,amc,74000
amc ambassador sst 1970,14.0,8,360.0,290.0,3500,7.8,1970,usa,amc,11500
amc matador 1970,13.0,8,290.0,200.0,3200,8.0,1970,usa,amc,13000
amc rebel 1970,13.0,8,290.0,220.0,3000,8.0,1970,usa,amc,12500
amc hornet sc/360 1970,12.0,8,360.0,245.0,2800,6.7,1970,usa,amc,15000
amc pacer 1970,18.0,6,232.0,145.0,2400,10.5,1970,usa,amc,12000
ford mustang boss 302 1970,14.0,8,302.0,290.0,3100,6.9,1970,usa,ford,91000
ford mustang mach 1 1970,15.0,8,351.0,330.0,3500,7.2,1970,usa,ford,50000
ford torino gt 1970,14.0,8,302.0,220.0,3250,8.1,1970,usa,ford,35000
ford torino cobra 1970,12.0,8,429.0,370.0,3750,6.3,1970,usa,ford,60000
ford falcon futura 1970,18.0,6,200.0,120.0,2400,10.5,1970,usa,ford,7000
ford falcon sports coupe 1970,16.0,8,302.0,220.0,2800,8.2,1970,usa,ford,8000
ford mustang 428 cobra jet 1970,12.0,8,428.0,335.0,3500,6.0,1970,usa,ford,50000
ford mustang grande 1970,14.0,8,302.0,210.0,3300,8.2,1970,usa,ford,15000
ford torino gt 429 1970,13.0,8,429.0,360.0,3700,6.5,1970,usa,ford,40000
pontiac gto judge 1970,10.0,8,400.0,370.0,3720,6.2,1970,usa,pontiac,60000
pontiac firebird trans am 1970,10.0,8,400.0,345.0,3780,6.0,1970,usa,pontiac,49000
pontiac bonneville 1970,9.0,8,455.0,370.0,4200,7.8,1970,usa,pontiac,12000
pontiac lemans sport 1970,10.0,8,350.0,255.0,3500,7.5,1970,usa,pontiac,10500
pontiac grand prix sj 1970,10.0,8,455.0,370.0,4140,7.0,1970,usa,pontiac,13000
pontiac catalina sedan 1970,11.0,8,400.0,290.0,4200,8.5,1970,usa,pontiac,7000
pontiac tempest t-37 1970,14.0,6,250.0,155.0,3400,9.5,1970,usa,pontiac,15000
pontiac ventura ii 1970,15.0,6,250.0,155.0,3200,10.0,1970,usa,pontiac,8000
pontiac executive 1970,9.0,8,428.0,360.0,4300,8.0,1970,usa,pontiac,17000
dodge charger 500 1970,14.0,8,440.0,375.0,3500,6.5,1970,usa,dodge,88500
dodge charger r/t 1970,12.0,8,426.0,425.0,3100,5.6,1970,usa,dodge,42000
dodge dart swinger 340 1970,15.0,8,340.0,275.0,2800,6.8,1970,usa,dodge,33000
dodge coronet super bee 1970,13.0,8,426.0,425.0,3200,5.9,1970,usa,dodge,94900
dodge polara 500 1970,12.0,8,383.0,290.0,3500,8.0,1970,usa,dodge,16000
toyota corolla 1600 1970,28.0,4,96.9,90.0,1830,13.5,1970,japan,toyota,16500
toyota celica 1600 gt 1970,25.0,4,96.8,110.0,1870,10.5,1970,japan,toyota,17000
toyota land cruiser 40 series 1970,17.0,6,151.0,130.0,3300,18.0,1970,japan,toyota,27500
toyota stout 1970,20.0,4,112.0,105.0,2500,15.0,1970,japan,toyota,10000
toyota corona rt43 1970,22.0,4,112.0,95.0,2280,14.0,1970,japan,toyota,10000
toyota carina 1970,24.0,4,114.0,90.0,2430,14.5,1970,japan,toyota,2500
datsun 240z 1970,24.0,6,146.8,151.0,2340,8.0,1970,japan,datsun,13500
datsun 510 1970,30.0,4,97.3,96.0,2110,11.5,1970,japan,datsun,17500
datsun 1600 1970,25.0,4,97.3,94.0,2040,12.0,1970,japan,datsun21500
datsun 1200 1970,35.0,4,73.0,69.0,1790,14.0,1970,japan,datsun,20000
datsun 510 wagon 1970,28.0,4,97.3,96.0,2200,12.0,1970,japan,datsun,28000
datsun 1200 coupe 1970,32.0,4,73.0,69.0,1740,14.0,1970,japan,datsun,12000
datsun 2000 roadster 1970,24.0,4,122.0,135.0,2040,8.0,1970,japan,datsun,25000
datsun 1600 roadster 1970,27.0,4,97.3,96.0,1910,11.5,1970,japan,datsun,15500
peugeot 404 1970,23.0,4,108.0,88.0,2100,15.0,1970,europe,peugeot,7000
peugeot 504 coupe 1970,24.0,4,120.0,97.0,2400,12.0,1970,europe,peugeot,10000
peugeot 204 break 1970,27.0,4,113.0,65.0,2050,17.0,1970,europe,peugeot,6800
peugeot 204 cabriolet 1970,26.0,4,113.0,70.0,2150,15.5,1970,europe,peugeot,12500
peugeot 403 1970,22.0,4,146.0,65.0,2350,18.5,1970,europe,peugeot,6000
peugeot 203 1970,21.0,4,129.0,60.0,2300,19.0,1970,europe,peugeot,6000
peugeot 404 cabriolet 1970,23.0,4,108.0,88.0,2350,14.5,1970,europe,peugeot,35000
peugeot 504 station wagon 1970,24.0,4,120.0,90.0,2500,13.5,1970,europe,peugeot,11500
peugeot 204 berlina 1970,28.0,4,113.0,65.0,2050,17.0,1970,europe,peugeot,5000
peugeot j7 van 1970,18.0,4,162.0,70.0,3400,22.0,1970,europe,peugeot,5950
audi 100 1970,22.0,4,103.6,83.0,2410,12.0,1970,europe,audi,4000
audi 60 1970,19.0,4,91.5,75.0,2360,13.2,1970,europe,audi,7000
audi 1600 1970,18.0,4,98.5,75.0,2220,14.0,1970,europe,audi,4500
audi 1800 1970,20.0,4,109.8,90.0,2450,11.5,1970,europe,audi,15000
audi 200 1970,18.0,4,118.2,100.0,2550,10.5,1970,europe,audi,10000
audi 100 gl 1970,21.0,4,109.8,90.0,2550,11.0,1970,europe,audi,5000
audi 1500 1970,19.0,4,91.5,72.0,2300,12.8,1970,europe,audi,9500
saab 99 1970,25.0,4,121.0,87.0,2420,14.5,1970,europe,saab,9000
saab 96 v4 1970,22.0,4,93.0,65.0,2210,15.5,1970,europe,saab,7000
saab sonett iii 1970,25.0,4,170.0,65.0,1940,13.0,1970,europe,saab,10000
saab 95 wagon 1970,22.0,3,91.0,68.0,2310,15.8,1970,europe,saab,9900
bmw 2800 1970,17.0,6,168.0,170.0,3070,9.0,1970,europe,bmw,43000
bmw 3.0cs 1970,15.0,6,183.0,200.0,3080,8.5,1970,europe,bmw,59900
bmw 1600 1970,25.0,4,98.0,85.0,1950,11.5,1970,europe,bmw,15500
bmw 1600-2 1970,26.0,4,98.0,90.0,2000,11.0,1970,europe,bmw,24000
bmw 2000cs 1970,20.0,4,121.0,120.0,2500,9.5,1970,europe,bmw,23400
bmw 2800cs 1970,16.0,6,168.0,170.0,3100,8.5,1970,europe,bmw,38000
bmw 3.0csl 1970,14.0,6,183.0,200.0,2800,7.8,1970,europe,bmw,210000
bmw 2002 ti 1970,21.0,4,121.0,130.0,2200,8.0,1970,europe,bmw,29000
bmw 3.0s 1970,16.0,6,183.0,160.0,3000,8.2,1970,europe,bmw,19000
opel gt 1970,25.0,4,116.0,102.0,2150,10.0,1970,europe,opel,16000
opel rekord 1970,20.0,6,158.0,115.0,2800,11.5,1970,europe,opel,7500
opel kadett 1970,22.0,4,67.0,60.0,2100,14.5,1970,europe,opel,12000
opel manta 1970,20.0,4,116.0,90.0,2500,11.0,1970,europe,opel,6000
opel olympia 1970,18.0,4,92.0,75.0,2300,12.5,1970,europe,opel,10000
opel admiral 1970,14.0,6,170.0,130.0,3300,10.5,1970,europe,opel,18000
opel rekord b 1970,19.0,4,103.0,80.0,2500,13.0,1970,europe,opel,13000
opel commodore a 1970,17.0,6,151.0,110.0,2700,11.5,1970,europe,opel,19000
opel kadett c 1970,22.0,4,61.0,60.0,2000,14.0,1970,europe,opel,12000
opel kadett l 1970,20.0,4,79.0,75.0,2200,13.5,1970,europe,opel,10000
opel ascona a 1970,18.0,4,98.0,80.0,2300,12.0,1970,europe,opel,3350
opel diplomat b 1970,14.0,8,329.0,160.0,3700,9.5,1970,europe,opel,8000
opel gt j 1970,23.0,4,116.0,90.0,2300,10.0,1970,europe,opel,18000
fiat 124 sedan 1970,22.0,4,85.5,75.0,2010,15.4,1970,europe,fiat,4000
fiat 850 sport spider 1970,28.0,4,55.5,52.0,1620,18.1,1970,europe,fiat,7000
fiat 128 1970,25.0,4,67.2,60.0,1920,15.5,1970,europe,fiat,4000
fiat 1100d 1970,20.0,4,67.2,55.0,2015,20.0,1970,europe,fiat,1500
fiat 124 spider 1970,21.0,4,85.5,90.0,2080,13.9,1970,europe,fiat,12000
fiat 1300 1970,18.0,4,79.3,75.0,2360,15.0,1970,europe,fiat,5800
fiat 500l 1970,28.0,2,30.5,24.0,1500,26.2,1970,europe,fiat,13500
fiat 850 coupe 1970,25.0,4,55.5,52.0,1710,19.2,1970,europe,fiat,6500
fiat 1100 1970,19.0,4,67.2,55.0,2150,20.5,1970,europe,fiat,4000
fiat 850 special 1970,26.0,4,55.5,47.0,1680,19.5,europe,fiat,6000
fiat 125 1970,19.0,4,98.0,90.0,2250,14.3,1970,europe,fiat,5600
